filename,label,percent through interval,F2
f03_mono_F03_ahdan-1_1,a-d,0,2043.68895933052
f03_mono_F03_ahdan-1_1,a-d,50,2036.04584381215
f03_mono_F03_ahdan-1_1,a-d,100,1932.08426484539
f03_mono_F03_ahdan-2_1,a-d,0,1813.07032278464
f03_mono_F03_ahdan-2_1,a-d,50,1688.58673689823
f03_mono_F03_ahdan-2_1,a-d,100,1890.01867192294
f03_mono_F03_ahdan-3_1,a-d,0,1981.08075552762
f03_mono_F03_ahdan-3_1,a-d,50,2045.8641068126
f03_mono_F03_ahdan-3_1,a-d,100,2052.15724898019
f03_mono_F03_ahpa-2_1,a-p,0,1737.10995781422
f03_mono_F03_ahpa-2_1,a-p,50,1814.69743544628
f03_mono_F03_ahpa-2_1,a-p,100,1725.1834008905
f03_mono_F03_ahpa-2_2,a-p,0,1777.4305382241
f03_mono_F03_ahpa-2_2,a-p,50,1540.92697174554
f03_mono_F03_ahpa-2_2,a-p,100,1707.15655793075
f03_mono_F03_ahpwa-1_1,a-pw,0,925.582538729985
f03_mono_F03_ahpwa-1_1,a-pw,50,1652.17053015513
f03_mono_F03_ahpwa-1_1,a-pw,100,1826.42941663069
f03_mono_F03_apa-1_1,a-p,0,1862.62220400361
f03_mono_F03_apa-1_1,a-p,50,1781.8942365867
f03_mono_F03_apa-1_1,a-p,100,1768.93913602648
f03_mono_F03_apa-2_1,a-p,0,1832.44571707242
f03_mono_F03_apa-2_1,a-p,50,1679.44788500787
f03_mono_F03_apa-2_1,a-p,100,1774.83475195917
f03_mono_F03_apa-3_1,a-p,0,1737.80746171621
f03_mono_F03_apa-3_1,a-p,50,1731.22446544024
f03_mono_F03_apa-3_1,a-p,100,1758.44241691807
f03_mono_F03_apwal-1_1,a-pw,0,859.77187351592
f03_mono_F03_apwal-1_1,a-pw,50,1728.11702280511
f03_mono_F03_apwal-1_1,a-pw,100,2114.9216574906
f03_mono_F03_apwal-1_2,a-pw,0,845.286977664793
f03_mono_F03_apwal-1_2,a-pw,50,1705.25197770017
f03_mono_F03_apwal-1_2,a-pw,100,2186.21225962491
f03_mono_F03_apwal-2_1,a-pw,0,819.890300434727
f03_mono_F03_apwal-2_1,a-pw,50,1471.5780859107
f03_mono_F03_apwal-2_1,a-pw,100,2072.66236889434
f03_mono_F03_apwal-3_1,a-pw,0,982.659821085269
f03_mono_F03_apwal-3_1,a-pw,50,1582.13722186148
f03_mono_F03_apwal-3_1,a-pw,100,1903.42664235997
f03_mono_F03_apwal-3_2,a-pw,0,936.720714587287
f03_mono_F03_apwal-3_2,a-pw,50,1654.98953745943
f03_mono_F03_apwal-3_2,a-pw,100,1971.23349081012
f03_mono_F03_ata-1_1,a-t,0,2291.45893437692
f03_mono_F03_ata-1_1,a-t,50,1769.17727385068
f03_mono_F03_ata-1_1,a-t,100,1725.26074006617
f03_mono_F03_ata-2_1,a-t,0,2182.70849345382
f03_mono_F03_ata-2_1,a-t,50,1720.53034332608
f03_mono_F03_ata-2_1,a-t,100,1728.28487924864
f03_mono_F03_ata-3_1,a-t,0,2335.28232204231
f03_mono_F03_ata-3_1,a-t,50,1780.91102248324
f03_mono_F03_ata-3_1,a-t,100,1766.55666539899
f03_mono_F03_idi-1_1,i-d,0,2451.35733587277
f03_mono_F03_idi-1_1,i-d,50,2844.99457257061
f03_mono_F03_idi-1_1,i-d,100,2887.50842149709
f03_mono_F03_idi-2_1,i-d,0,2578.34630380382
f03_mono_F03_idi-2_1,i-d,50,2838.60790708267
f03_mono_F03_idi-2_1,i-d,100,2852.60615427641
f03_mono_F03_idi-3_1,i-d,0,2526.54122547782
f03_mono_F03_idi-3_1,i-d,50,2928.43730417367
f03_mono_F03_idi-3_1,i-d,100,2812.16045329587
f03_mono_F03_ihpi-1_1,i-p,0,2255.98259536039
f03_mono_F03_ihpi-1_1,i-p,50,2393.62637729895
f03_mono_F03_ihpi-1_1,i-p,100,2543.8928449471
f03_mono_F03_ihpwi-3_1,i-pw,0,1440.11046210276
f03_mono_F03_ihpwi-3_1,i-pw,50,2832.39175707836
f03_mono_F03_ihpwi-3_1,i-pw,100,2859.2671752359
f03_mono_F03_ihpwi-3_2,i-pw,0,916.553544001662
f03_mono_F03_ihpwi-3_2,i-pw,50,2793.39912824968
f03_mono_F03_ihpwi-3_2,i-pw,100,1676.58133247487
f03_mono_F03_ipwidi-1_1,i-pw,0,1068.95210030795
f03_mono_F03_ipwidi-1_1,i-pw,50,1759.0706393827
f03_mono_F03_ipwidi-1_1,i-pw,100,1911.56380200194
f03_mono_F03_ipwidi-2_1,i-pw,0,1079.8969932685
f03_mono_F03_ipwidi-2_1,i-pw,50,1605.38677764461
f03_mono_F03_ipwidi-2_1,i-pw,100,2210.77421918513
f03_mono_F03_ipwidi-2_2,i-pw,0,1056.85020928303
f03_mono_F03_ipwidi-2_2,i-pw,50,1694.46718494787
f03_mono_F03_ipwidi-2_2,i-pw,100,1917.24361726284
f03_mono_F03_ipwidi-3_1,i-pw,0,1161.73912821443
f03_mono_F03_ipwidi-3_1,i-pw,50,1492.00250394347
f03_mono_F03_ipwidi-3_1,i-pw,100,2035.22619962149
f03_mono_F03_pahpa-1_1,a-p,0,1816.39506491614
f03_mono_F03_pahpa-1_1,a-p,50,1787.85808193458
f03_mono_F03_pahpa-1_1,a-p,100,1610.25424341166
f03_mono_F03_pahpa-2_1,a-p,0,1719.25177699772
f03_mono_F03_pahpa-2_1,a-p,50,1444.16344135401
f03_mono_F03_pahpa-2_1,a-p,100,1714.37628248646
f03_mono_F03_pahpa-3_1,a-p,0,1690.92908068421
f03_mono_F03_pahpa-3_1,a-p,50,1687.55446957214
f03_mono_F03_pahpa-3_1,a-p,100,1759.52861521905
f02_mono_F02_ahdan-1_1,a-d,0,1916.50396288197
f02_mono_F02_ahdan-1_1,a-d,50,1931.35174891849
f02_mono_F02_ahdan-1_1,a-d,100,2035.87259407263
f02_mono_F02_ahdan-2_1,a-d,0,1765.33618386736
f02_mono_F02_ahdan-2_1,a-d,50,1862.84376370095
f02_mono_F02_ahdan-2_1,a-d,100,1961.65263667097
f02_mono_F02_ahdan-3_1,a-d,0,1969.48014733885
f02_mono_F02_ahdan-3_1,a-d,50,2005.07673430614
f02_mono_F02_ahdan-3_1,a-d,100,2010.23945739142
f02_mono_F02_ahpa-2_1,a-p,0,1523.48427101503
f02_mono_F02_ahpa-2_1,a-p,50,1631.50783460573
f02_mono_F02_ahpa-2_1,a-p,100,1618.52141975001
f02_mono_F02_ahpa-2_2,a-p,0,1463.23104814504
f02_mono_F02_ahpa-2_2,a-p,50,1537.58906444748
f02_mono_F02_ahpa-2_2,a-p,100,1527.06624047295
f02_mono_F02_ahpwa-1_1,a-pw,0,949.860908477457
f02_mono_F02_ahpwa-1_1,a-pw,50,1531.79809757563
f02_mono_F02_ahpwa-1_1,a-pw,100,1786.91883621084
f02_mono_F02_apa-1_1,a-p,0,1634.39237178705
f02_mono_F02_apa-1_1,a-p,50,1741.50817279582
f02_mono_F02_apa-1_1,a-p,100,1916.46934764365
f02_mono_F02_apa-2_1,a-p,0,1511.29190276349
f02_mono_F02_apa-2_1,a-p,50,1564.96963831698
f02_mono_F02_apa-2_1,a-p,100,1663.52652557727
f02_mono_F02_apa-3_1,a-p,0,1561.67985508638
f02_mono_F02_apa-3_1,a-p,50,1691.57093123874
f02_mono_F02_apa-3_1,a-p,100,1898.91782499179
f02_mono_F02_apwal-1_1,a-pw,0,967.607153978776
f02_mono_F02_apwal-1_1,a-pw,50,1761.85698086254
f02_mono_F02_apwal-1_1,a-pw,100,1851.72545821839
f02_mono_F02_apwal-1_2,a-pw,0,943.607902114933
f02_mono_F02_apwal-1_2,a-pw,50,1761.46192116771
f02_mono_F02_apwal-1_2,a-pw,100,2143.53297983976
f02_mono_F02_apwal-2_1,a-pw,0,916.978306646979
f02_mono_F02_apwal-2_1,a-pw,50,1740.16276278112
f02_mono_F02_apwal-2_1,a-pw,100,2081.39652490074
f02_mono_F02_apwal-3_1,a-pw,0,905.123715635588
f02_mono_F02_apwal-3_1,a-pw,50,1679.99615845631
f02_mono_F02_apwal-3_1,a-pw,100,1554.87476218709
f02_mono_F02_apwal-3_2,a-pw,0,908.311242148518
f02_mono_F02_apwal-3_2,a-pw,50,1646.81826198961
f02_mono_F02_apwal-3_2,a-pw,100,1830.87152166344
f02_mono_F02_ata-1_1,a-t,0,2077.3570575506
f02_mono_F02_ata-1_1,a-t,50,1863.6051954993
f02_mono_F02_ata-1_1,a-t,100,1836.47602758822
f02_mono_F02_ata-2_1,a-t,0,1941.92460340112
f02_mono_F02_ata-2_1,a-t,50,1798.57543277497
f02_mono_F02_ata-2_1,a-t,100,1461.65279606502
f02_mono_F02_idi-1_1,i-d,0,2382.10541144958
f02_mono_F02_idi-1_1,i-d,50,2939.88141455153
f02_mono_F02_idi-1_1,i-d,100,2963.75319869782
f02_mono_F02_idi-2_1,i-d,0,2516.32079040334
f02_mono_F02_idi-2_1,i-d,50,2690.2140339805
f02_mono_F02_idi-2_1,i-d,100,2201.02247943889
f02_mono_F02_idi-3_1,i-d,0,2600.66001475194
f02_mono_F02_idi-3_1,i-d,50,2789.11178764855
f02_mono_F02_idi-3_1,i-d,100,2661.21858709094
f02_mono_F02_ihpi-1_1,i-p,0,2313.30014290768
f02_mono_F02_ihpi-1_1,i-p,50,2648.23024615781
f02_mono_F02_ihpi-1_1,i-p,100,2517.56203695318
f02_mono_F02_ihpwi-3_1,i-pw,0,1209.8743295144
f02_mono_F02_ihpwi-3_1,i-pw,50,2569.4397743648
f02_mono_F02_ihpwi-3_1,i-pw,100,2744.04419936787
f02_mono_F02_ihpwi-3_2,i-pw,0,1072.51471722326
f02_mono_F02_ihpwi-3_2,i-pw,50,2664.50447462836
f02_mono_F02_ihpwi-3_2,i-pw,100,2813.82489248843
f02_mono_F02_ipwidi-1_1,i-pw,0,1698.15332267024
f02_mono_F02_ipwidi-1_1,i-pw,50,1793.07617251151
f02_mono_F02_ipwidi-1_1,i-pw,100,2430.26178111735
f02_mono_F02_ipwidi-1_2,i-pw,0,959.420354022894
f02_mono_F02_ipwidi-1_2,i-pw,50,1624.26278259832
f02_mono_F02_ipwidi-1_2,i-pw,100,2623.27012505775
f02_mono_F02_ipwidi-2_1,i-pw,0,2017.83608206425
f02_mono_F02_ipwidi-2_1,i-pw,50,1677.75157839784
f02_mono_F02_ipwidi-2_1,i-pw,100,2591.36797950733
f02_mono_F02_ipwidi-3_1,i-pw,0,1125.53292466094
f02_mono_F02_ipwidi-3_1,i-pw,50,2475.63551345987
f02_mono_F02_ipwidi-3_1,i-pw,100,2364.1627356662
f02_mono_F02_itik-1_1,i-t,0,2384.0774614575
f02_mono_F02_itik-1_1,i-t,50,2351.34960258921
f02_mono_F02_itik-1_1,i-t,100,2429.09211175838
f02_mono_F02_itik-2_1,i-t,0,2381.13386557585
f02_mono_F02_itik-2_1,i-t,50,2404.81968042353
f02_mono_F02_itik-2_1,i-t,100,2494.90266850196
f02_mono_F02_itik-3_1,i-t,0,2317.27809694715
f02_mono_F02_itik-3_1,i-t,50,2332.17618345418
f02_mono_F02_itik-3_1,i-t,100,2010.59734877714
f02_mono_F02_koahpi-1_1,i-p,0,2205.04566618127
f02_mono_F02_koahpi-1_1,i-p,50,2557.56924270918
f02_mono_F02_koahpi-1_1,i-p,100,2554.99926088676
f02_mono_F02_koahpi-2_1,i-p,0,2470.47726882861
f02_mono_F02_koahpi-2_1,i-p,50,2848.74077100491
f02_mono_F02_koahpi-2_1,i-p,100,1844.41474789263
f02_mono_F02_koahpi-3_1,i-p,0,2130.54661121989
f02_mono_F02_koahpi-3_1,i-p,50,2542.52704508027
f02_mono_F02_koahpi-3_1,i-p,100,2642.85041399733
f02_mono_F02_pahpa-1_1,a-p,0,1536.01507364909
f02_mono_F02_pahpa-1_1,a-p,50,1708.78982680312
f02_mono_F02_pahpa-1_1,a-p,100,1778.17286600837
f02_mono_F02_pahpa-2_1,a-p,0,1546.91552351604
f02_mono_F02_pahpa-2_1,a-p,50,1621.48149251246
f02_mono_F02_pahpa-2_1,a-p,100,1871.43402585694
f02_mono_F02_pahpa-3_1,a-p,0,1572.29053015301
f02_mono_F02_pahpa-3_1,a-p,50,1683.05908630664
f02_mono_F02_pahpa-3_1,a-p,100,1744.10726759368
f03_mono_F03_itik-1_1,i-t,0,2422.47588567482
f03_mono_F03_itik-1_1,i-t,50,2318.06765042295
f03_mono_F03_itik-1_1,i-t,100,1639.51696197896
f03_mono_F03_itik-2_1,i-t,0,2356.47060078095
f03_mono_F03_itik-2_1,i-t,50,1990.49472694883
f03_mono_F03_itik-2_1,i-t,100,1740.77499702599
f03_mono_F03_itik-3_1,i-t,0,2496.89187704137
f03_mono_F03_itik-3_1,i-t,50,2251.83915338782
f03_mono_F03_itik-3_1,i-t,100,1753.87119726236
f03_mono_F03_koahpi-1_1,i-p,0,2518.70911715005
f03_mono_F03_koahpi-1_1,i-p,50,2977.91056739155
f03_mono_F03_koahpi-1_1,i-p,100,2876.93461171093
f03_mono_F03_koahpi-2_1,i-p,0,2720.21410492811
f03_mono_F03_koahpi-2_1,i-p,50,3000.85870294892
f03_mono_F03_koahpi-2_1,i-p,100,2901.56495340676
f03_mono_F03_koahpi-3_1,i-p,0,2660.0418174724
f03_mono_F03_koahpi-3_1,i-p,50,2901.68185201468
f03_mono_F03_koahpi-3_1,i-p,100,2983.82346026421
f02_mono_F02_ata-3_1,a-t,0,1921.08858262994
f02_mono_F02_ata-3_1,a-t,50,1822.59765200963
f02_mono_F02_ata-3_1,a-t,100,1972.13498306569
m03_mono_M03_ahdan-1_1,a-d,0,1625.20859976596
m03_mono_M03_ahdan-1_1,a-d,50,1697.04740022232
m03_mono_M03_ahdan-1_1,a-d,100,1728.87706288654
m03_mono_M03_ahdan-2_1,a-d,0,1626.81875134556
m03_mono_M03_ahdan-2_1,a-d,50,1680.77660297889
m03_mono_M03_ahdan-2_1,a-d,100,1684.54791355066
m03_mono_M03_ahdan-3_1,a-d,0,1599.56322552136
m03_mono_M03_ahdan-3_1,a-d,50,1683.49378553244
m03_mono_M03_ahdan-3_1,a-d,100,1600.84174210681
m03_mono_M03_ahpa-2_1,a-p,0,1305.60142906859
m03_mono_M03_ahpa-2_1,a-p,50,1429.6883568044
m03_mono_M03_ahpa-2_1,a-p,100,1477.33324834285
m03_mono_M03_ahpa-2_2,a-p,0,1311.78266842571
m03_mono_M03_ahpa-2_2,a-p,50,1353.55496949897
m03_mono_M03_ahpa-2_2,a-p,100,1375.99360390187
m03_mono_M03_ahpwa-1_1,a-pw,0,922.542374056834
m03_mono_M03_ahpwa-1_1,a-pw,50,1038.9474647767
m03_mono_M03_ahpwa-1_1,a-pw,100,1091.21217894723
m03_mono_M03_apa-1_1,a-p,0,1261.08643192344
m03_mono_M03_apa-1_1,a-p,50,1393.16552714444
m03_mono_M03_apa-1_1,a-p,100,1436.90182959511
m03_mono_M03_apa-2_1,a-p,0,1328.81470769267
m03_mono_M03_apa-2_1,a-p,50,1438.2845157523
m03_mono_M03_apa-2_1,a-p,100,1475.48524118673
m03_mono_M03_apa-3_1,a-p,0,1377.22748240242
m03_mono_M03_apa-3_1,a-p,50,1496.81575837655
m03_mono_M03_apa-3_1,a-p,100,1682.87658002846
m03_mono_M03_apwal-1_1,a-pw,0,943.842815265491
m03_mono_M03_apwal-1_1,a-pw,50,1280.2321722078
m03_mono_M03_apwal-1_1,a-pw,100,1660.42510461558
m03_mono_M03_apwal-1_2,a-pw,0,947.046538417109
m03_mono_M03_apwal-1_2,a-pw,50,1328.36372153689
m03_mono_M03_apwal-1_2,a-pw,100,1540.89843607228
m03_mono_M03_apwal-2_1,a-pw,0,921.544949203783
m03_mono_M03_apwal-2_1,a-pw,50,1320.54737087181
m03_mono_M03_apwal-2_1,a-pw,100,1682.56536254882
m03_mono_M03_apwal-3_1,a-pw,0,918.96104855124
m03_mono_M03_apwal-3_1,a-pw,50,1370.65477160026
m03_mono_M03_apwal-3_1,a-pw,100,1673.65507287245
m03_mono_M03_apwal-3_2,a-pw,0,986.40043674682
m03_mono_M03_apwal-3_2,a-pw,50,1333.49264908534
m03_mono_M03_apwal-3_2,a-pw,100,1584.14071663972
m03_mono_M03_ata-1_1,a-t,0,1719.50671353468
m03_mono_M03_ata-1_1,a-t,50,1624.99668166596
m03_mono_M03_ata-1_1,a-t,100,1504.93664717407
m03_mono_M03_ata-2_1,a-t,0,1736.39621844669
m03_mono_M03_ata-2_1,a-t,50,1540.20404826558
m03_mono_M03_ata-2_1,a-t,100,1445.83961888663
m03_mono_M03_ata-3_1,a-t,0,1831.32031069156
m03_mono_M03_ata-3_1,a-t,50,1749.63762315995
m03_mono_M03_ata-3_1,a-t,100,1736.90390548044
m03_mono_M03_idi-1_1,i-d,0,1916.84950434973
m03_mono_M03_idi-1_1,i-d,50,2100.2006710146
m03_mono_M03_idi-1_1,i-d,100,2169.72903032044
m03_mono_M03_idi-3_1,i-d,0,2010.00973250988
m03_mono_M03_idi-3_1,i-d,50,2108.97095598854
m03_mono_M03_idi-3_1,i-d,100,2140.58837262671
m03_mono_M03_ihpi-1_1,i-p,0,1925.89607505763
m03_mono_M03_ihpi-1_1,i-p,50,2015.30385974519
m03_mono_M03_ihpi-1_1,i-p,100,2001.67058159013
m03_mono_M03_ihpwi-3_1,i-pw,0,1148.82016585381
m03_mono_M03_ihpwi-3_1,i-pw,50,1500.59479945348
m03_mono_M03_ihpwi-3_1,i-pw,100,1281.29268204361
m03_mono_M03_ihpwi-3_2,i-pw,0,1021.05561275484
m03_mono_M03_ihpwi-3_2,i-pw,50,1483.62281260236
m03_mono_M03_ihpwi-3_2,i-pw,100,1859.42239885186
m03_mono_M03_ipwidi-1_1,i-pw,0,1097.13556562915
m03_mono_M03_ipwidi-1_1,i-pw,50,1407.97103536788
m03_mono_M03_ipwidi-1_1,i-pw,100,1247.73471171576
m03_mono_M03_ipwidi-2_1,i-pw,0,1134.25969745687
m03_mono_M03_ipwidi-2_1,i-pw,50,1518.77838913971
m03_mono_M03_ipwidi-2_1,i-pw,100,1846.57414094344
m03_mono_M03_ipwidi-2_2,i-pw,0,1132.17306950942
m03_mono_M03_ipwidi-2_2,i-pw,50,1447.14041715047
m03_mono_M03_ipwidi-2_2,i-pw,100,1622.91666044562
m03_mono_M03_ipwidi-3_1,i-pw,0,1112.76252817802
m03_mono_M03_ipwidi-3_1,i-pw,50,1558.85307042079
m03_mono_M03_ipwidi-3_1,i-pw,100,1457.06574820684
m03_mono_M03_itik-1_1,i-t,0,1908.251012372
m03_mono_M03_itik-1_1,i-t,50,1925.35218573524
m03_mono_M03_itik-1_1,i-t,100,1933.06647459372
m03_mono_M03_itik-2_1,i-t,0,1898.24858716542
m03_mono_M03_itik-2_1,i-t,50,1863.80550853589
m03_mono_M03_itik-2_1,i-t,100,1612.66962317377
m03_mono_M03_itik-3_1,i-t,0,1965.16262099673
m03_mono_M03_itik-3_1,i-t,50,1878.44994917057
m03_mono_M03_itik-3_1,i-t,100,1436.88096565539
m03_mono_M03_koahpi-1_1,i-p,0,1839.14112343842
m03_mono_M03_koahpi-1_1,i-p,50,1928.56226799003
m03_mono_M03_koahpi-1_1,i-p,100,1865.88405271033
m03_mono_M03_koahpi-2_1,i-p,0,1778.90721785727
m03_mono_M03_koahpi-2_1,i-p,50,1909.22743041921
m03_mono_M03_koahpi-2_1,i-p,100,1739.33659257115
m03_mono_M03_koahpi-3_1,i-p,0,1938.36108308083
m03_mono_M03_koahpi-3_1,i-p,50,2077.69743557275
m03_mono_M03_koahpi-3_1,i-p,100,2078.2348203321
m03_mono_M03_pahpa-1_1,a-p,0,1229.66230777776
m03_mono_M03_pahpa-1_1,a-p,50,1377.45527966756
m03_mono_M03_pahpa-1_1,a-p,100,1366.24563825105
m03_mono_M03_pahpa-2_1,a-p,0,1164.8090612861
m03_mono_M03_pahpa-2_1,a-p,50,1634.72899249359
m03_mono_M03_pahpa-2_1,a-p,100,1740.79211847033
m03_mono_M03_pahpa-3_1,a-p,0,1342.86031889552
m03_mono_M03_pahpa-3_1,a-p,50,1446.23328572542
m03_mono_M03_pahpa-3_1,a-p,100,1531.42232310007
f01_mono_F01_ahdan-1_1,a-d,0,1847.84859482197
f01_mono_F01_ahdan-1_1,a-d,50,1819.90816950735
f01_mono_F01_ahdan-1_1,a-d,100,1850.35705382964
f01_mono_F01_ahdan-2_1,a-d,0,1984.80287614092
f01_mono_F01_ahdan-2_1,a-d,50,1794.80759719132
f01_mono_F01_ahdan-2_1,a-d,100,1752.83182114601
f01_mono_F01_ahdan-3_1,a-d,0,1827.79522018576
f01_mono_F01_ahdan-3_1,a-d,50,1727.41794439335
f01_mono_F01_ahdan-3_1,a-d,100,865.295258463121
f01_mono_F01_ahpa-2_1,a-p,0,1722.47160952857
f01_mono_F01_ahpa-2_1,a-p,50,1717.71220962087
f01_mono_F01_ahpa-2_1,a-p,100,1776.44270797763
f01_mono_F01_ahpa-2_2,a-p,0,1718.19987728012
f01_mono_F01_ahpa-2_2,a-p,50,1678.37189878856
f01_mono_F01_ahpa-2_2,a-p,100,1762.78252360415
f01_mono_F01_ahpwa-1_1,a-pw,0,876.281252235632
f01_mono_F01_ahpwa-1_1,a-pw,50,1427.14239466183
f01_mono_F01_ahpwa-1_1,a-pw,100,1598.0894818217
f01_mono_F01_apa-1_1,a-p,0,1607.05562934943
f01_mono_F01_apa-1_1,a-p,50,1632.48709241831
f01_mono_F01_apa-1_1,a-p,100,1689.38426662423
f01_mono_F01_apa-2_1,a-p,0,1714.81904183357
f01_mono_F01_apa-2_1,a-p,50,1620.57435674797
f01_mono_F01_apa-2_1,a-p,100,1587.5933396568
f01_mono_F01_apa-3_1,a-p,0,1763.50037985854
f01_mono_F01_apa-3_1,a-p,50,1692.00456664425
f01_mono_F01_apa-3_1,a-p,100,1593.36577391965
f01_mono_F01_apwal-1_1,a-pw,0,788.77164711955
f01_mono_F01_apwal-1_1,a-pw,50,1633.40283592601
f01_mono_F01_apwal-1_1,a-pw,100,1765.80247331386
f01_mono_F01_apwal-1_2,a-pw,0,1195.52976824111
f01_mono_F01_apwal-1_2,a-pw,50,1527.06212806817
f01_mono_F01_apwal-1_2,a-pw,100,1848.53812096515
f01_mono_F01_apwal-2_1,a-pw,0,823.784415335704
f01_mono_F01_apwal-2_1,a-pw,50,1407.68436129408
f01_mono_F01_apwal-2_1,a-pw,100,1859.80845638077
f01_mono_F01_apwal-3_1,a-pw,0,809.563713790016
f01_mono_F01_apwal-3_1,a-pw,50,1455.9824554806
f01_mono_F01_apwal-3_1,a-pw,100,1820.33402269324
f01_mono_F01_apwal-3_2,a-pw,0,807.45776054229
f01_mono_F01_apwal-3_2,a-pw,50,1568.65323849085
f01_mono_F01_apwal-3_2,a-pw,100,1879.97662582389
f01_mono_F01_ata-1_1,a-t,0,1971.70404607477
f01_mono_F01_ata-1_1,a-t,50,1684.85746274912
f01_mono_F01_ata-1_1,a-t,100,1719.34249594349
f01_mono_F01_ata-2_1,a-t,0,1849.55964337623
f01_mono_F01_ata-2_1,a-t,50,1720.43515414424
f01_mono_F01_ata-2_1,a-t,100,1657.45817240222
f01_mono_F01_ata-3_1,a-t,0,1859.49680543936
f01_mono_F01_ata-3_1,a-t,50,1701.60275342732
f01_mono_F01_ata-3_1,a-t,100,1710.60436252794
f01_mono_F01_idi-1_1,i-d,0,2454.20932778725
f01_mono_F01_idi-1_1,i-d,50,2698.99312607824
f01_mono_F01_idi-1_1,i-d,100,2792.15112921741
f01_mono_F01_idi-2_1,i-d,0,2408.78655293333
f01_mono_F01_idi-2_1,i-d,50,2762.91156437852
f01_mono_F01_idi-2_1,i-d,100,2810.77968467494
f01_mono_F01_idi-3_1,i-d,0,2594.1609003422
f01_mono_F01_idi-3_1,i-d,50,2682.84457646081
f01_mono_F01_idi-3_1,i-d,100,2760.89865792895
f01_mono_F01_ihpi-1_1,i-p,0,2010.79868126378
f01_mono_F01_ihpi-1_1,i-p,50,2686.18671851862
f01_mono_F01_ihpi-1_1,i-p,100,2569.59822827996
f01_mono_F01_ihpwi-3_1,i-pw,0,1085.68029442911
f01_mono_F01_ihpwi-3_1,i-pw,50,2701.04930459284
f01_mono_F01_ihpwi-3_1,i-pw,100,2579.73171872932
f01_mono_F01_ihpwi-3_2,i-pw,0,1609.53748015669
f01_mono_F01_ihpwi-3_2,i-pw,50,2451.84738996813
f01_mono_F01_ihpwi-3_2,i-pw,100,2544.90439645317
f01_mono_F01_ipwidi-1_1,i-pw,0,940
f01_mono_F01_ipwidi-1_1,i-pw,50,1352.70034221499
f01_mono_F01_ipwidi-1_1,i-pw,100,1770.60317032071
f01_mono_F01_ipwidi-2_1,i-pw,0,1040
f01_mono_F01_ipwidi-2_1,i-pw,50,1485.68394752674
f01_mono_F01_ipwidi-2_1,i-pw,100,1985.00966578406
f01_mono_F01_ipwidi-2_2,i-pw,0,1201.73032783301
f01_mono_F01_ipwidi-2_2,i-pw,50,1769.09732328395
f01_mono_F01_ipwidi-2_2,i-pw,100,1852.24128290927
f01_mono_F01_ipwidi-3_1,i-pw,0,1240.35975440827
f01_mono_F01_ipwidi-3_1,i-pw,50,1458.62374632415
f01_mono_F01_ipwidi-3_1,i-pw,100,1753.9668383773
f01_mono_F01_itik-1_1,i-t,0,1967.3105590917
f01_mono_F01_itik-1_1,i-t,50,1703.39998428186
f01_mono_F01_itik-1_1,i-t,100,1612.63399525608
f01_mono_F01_itik-2_1,i-t,0,1979.62228270892
f01_mono_F01_itik-2_1,i-t,50,1761.23597384342
f01_mono_F01_itik-2_1,i-t,100,1575.01212420583
f01_mono_F01_itik-3_1,i-t,0,1969.67081387883
f01_mono_F01_itik-3_1,i-t,50,1695.54779588397
f01_mono_F01_itik-3_1,i-t,100,1629.22656658372
f01_mono_F01_koahpi-1_1,i-p,0,1960.67931008587
f01_mono_F01_koahpi-1_1,i-p,50,2697.90877463541
f01_mono_F01_koahpi-1_1,i-p,100,2140.28703062602
f01_mono_F01_koahpi-2_1,i-p,0,2205.55901380345
f01_mono_F01_koahpi-2_1,i-p,50,2713.48772675067
f01_mono_F01_koahpi-2_1,i-p,100,2202.3312743145
f01_mono_F01_koahpi-3_1,i-p,0,2084.81506272407
f01_mono_F01_koahpi-3_1,i-p,50,2858.66311046042
f01_mono_F01_koahpi-3_1,i-p,100,2735.5999875028
f01_mono_F01_pahpa-1_1,a-p,0,1694.09028260257
f01_mono_F01_pahpa-1_1,a-p,50,1639.30709362322
f01_mono_F01_pahpa-1_1,a-p,100,1537.15428625481
f01_mono_F01_pahpa-2_1,a-p,0,1605.66568787109
f01_mono_F01_pahpa-2_1,a-p,50,1699.62139144856
f01_mono_F01_pahpa-2_1,a-p,100,1632.35874633103
f01_mono_F01_pahpa-3_1,a-p,0,1775.45787815192
f01_mono_F01_pahpa-3_1,a-p,50,1777.14100091541
f01_mono_F01_pahpa-3_1,a-p,100,1581.58834370871
m02_mono_M02_ahdan-2_1,a-d,0,1810.18594072277
m02_mono_M02_ahdan-2_1,a-d,50,1841.20589441539
m02_mono_M02_ahdan-2_1,a-d,100,1974.70094483065
m02_mono_M02_ahdan-3_1,a-d,0,1812.62069341946
m02_mono_M02_ahdan-3_1,a-d,50,1803.94591882477
m02_mono_M02_ahdan-3_1,a-d,100,1153.4205474371
m02_mono_M02_ahpa-2_1,a-p,0,1587.26926917184
m02_mono_M02_ahpa-2_1,a-p,50,1665.11111141127
m02_mono_M02_ahpa-2_1,a-p,100,1646.85302711437
m02_mono_M02_ahpa-2_2,a-p,0,1628.27864439811
m02_mono_M02_ahpa-2_2,a-p,50,1732.39373085575
m02_mono_M02_ahpa-2_2,a-p,100,1782.39490363064
m02_mono_M02_ahpwa-1_1,a-pw,0,808.280068870824
m02_mono_M02_ahpwa-1_1,a-pw,50,1055.57390112143
m02_mono_M02_ahpwa-1_1,a-pw,100,1317.172840074
m02_mono_M02_apa-1_1,a-p,0,1499.19572577403
m02_mono_M02_apa-1_1,a-p,50,1591.16128899571
m02_mono_M02_apa-1_1,a-p,100,1553.20516895693
m02_mono_M02_apa-2_1,a-p,0,1552.04857113448
m02_mono_M02_apa-2_1,a-p,50,1646.74942137354
m02_mono_M02_apa-2_1,a-p,100,1705.63805591024
m02_mono_M02_apa-3_1,a-p,0,1415.39565968521
m02_mono_M02_apa-3_1,a-p,50,1556.35195904568
m02_mono_M02_apa-3_1,a-p,100,1961.81195145454
m02_mono_M02_apwal-1_1,a-pw,0,879.179981893192
m02_mono_M02_apwal-1_1,a-pw,50,1323.85260815181
m02_mono_M02_apwal-1_1,a-pw,100,1811.11861838525
m02_mono_M02_apwal-1_2,a-pw,0,965.7955093102
m02_mono_M02_apwal-1_2,a-pw,50,1566.27662132545
m02_mono_M02_apwal-1_2,a-pw,100,1781.32827417936
m02_mono_M02_apwal-2_1,a-pw,0,664.3
m02_mono_M02_apwal-2_1,a-pw,50,1401.7847597198
m02_mono_M02_apwal-2_1,a-pw,100,1933.36207369239
m02_mono_M02_apwal-3_1,a-pw,0,915.146422779515
m02_mono_M02_apwal-3_1,a-pw,50,1459.7081912338
m02_mono_M02_apwal-3_1,a-pw,100,1817.4871032702
m02_mono_M02_apwal-3_2,a-pw,0,956.649096835568
m02_mono_M02_apwal-3_2,a-pw,50,1405.42752818591
m02_mono_M02_apwal-3_2,a-pw,100,1708.72920532342
m02_mono_M02_ata-1_1,a-t,0,1803.73943382934
m02_mono_M02_ata-1_1,a-t,50,1512.53283161056
m02_mono_M02_ata-1_1,a-t,100,1562.55095554512
m02_mono_M02_ata-2_1,a-t,0,1841.38222589859
m02_mono_M02_ata-2_1,a-t,50,1717.64337141758
m02_mono_M02_ata-2_1,a-t,100,1575.01927162286
m02_mono_M02_ata-3_1,a-t,0,1931.12459326739
m02_mono_M02_ata-3_1,a-t,50,1701.00911513052
m02_mono_M02_ata-3_1,a-t,100,1688.37814472424
m02_mono_M02_idi-1_1,i-d,0,2213.07154551269
m02_mono_M02_idi-1_1,i-d,50,2852.50896077915
m02_mono_M02_idi-1_1,i-d,100,1867.4580183538
m02_mono_M02_idi-3_1,i-d,0,2195.25473428416
m02_mono_M02_idi-3_1,i-d,50,2782.66711365762
m02_mono_M02_idi-3_1,i-d,100,2266.07433694317
m02_mono_M02_ihpi-2_1,i-p,0,2087.18121681115
m02_mono_M02_ihpi-2_1,i-p,50,2544.08223295519
m02_mono_M02_ihpi-2_1,i-p,100,1425.26960583821
m02_mono_M02_ihpwi-3_1,i-pw,0,986.368371557972
m02_mono_M02_ihpwi-3_1,i-pw,50,2721.35217277012
m02_mono_M02_ihpwi-3_1,i-pw,100,1674.3293302677
m02_mono_M02_ihpwi-3_2,i-pw,0,1032
m02_mono_M02_ihpwi-3_2,i-pw,50,2619.30872704
m02_mono_M02_ihpwi-3_2,i-pw,100,2576.71915272809
m02_mono_M02_ipwidi-1_1,i-pw,0,1065.2544748976
m02_mono_M02_ipwidi-1_1,i-pw,50,1395.74270740725
m02_mono_M02_ipwidi-1_1,i-pw,100,1594.95492028236
m02_mono_M02_ipwidi-2_1,i-pw,0,910.549262041339
m02_mono_M02_ipwidi-2_1,i-pw,50,1325.12306337023
m02_mono_M02_ipwidi-2_1,i-pw,100,1753.23574120522
m02_mono_M02_ipwidi-2_2,i-pw,0,1195.43550399574
m02_mono_M02_ipwidi-2_2,i-pw,50,1293.41239235979
m02_mono_M02_ipwidi-2_2,i-pw,100,1641.68086168481
m02_mono_M02_ipwidi-3_1,i-pw,0,1094.08631229542
m02_mono_M02_ipwidi-3_1,i-pw,50,1528.89139440098
m02_mono_M02_ipwidi-3_1,i-pw,100,1837.41463874674
m02_mono_M02_itik-1_1,i-t,0,2244.86931205515
m02_mono_M02_itik-1_1,i-t,50,2236.59605050906
m02_mono_M02_itik-1_1,i-t,100,1816.3075762025
m02_mono_M02_itik-2_1,i-t,0,1978.89545309307
m02_mono_M02_itik-2_1,i-t,50,1973.52875393466
m02_mono_M02_itik-2_1,i-t,100,1589.68339462269
m02_mono_M02_itik-3_1,i-t,0,2144.49229853926
m02_mono_M02_itik-3_1,i-t,50,1963.84180665933
m02_mono_M02_itik-3_1,i-t,100,1563.05239349177
m02_mono_M02_koahpi-1_1,i-p,0,2096.89458075162
m02_mono_M02_koahpi-1_1,i-p,50,2168.2705356781
m02_mono_M02_koahpi-1_1,i-p,100,1871.06911345231
m02_mono_M02_koahpi-2_1,i-p,0,2164.69788528145
m02_mono_M02_koahpi-2_1,i-p,50,2019.52103145007
m02_mono_M02_koahpi-2_1,i-p,100,3225.94011529423
m02_mono_M02_koahpi-3_1,i-p,0,2254.32120221946
m02_mono_M02_koahpi-3_1,i-p,50,2712.45016463453
m02_mono_M02_koahpi-3_1,i-p,100,2843.7566519017
m02_mono_M02_pahpa-1_1,a-p,0,1570.67777988143
m02_mono_M02_pahpa-1_1,a-p,50,1614.07407569068
m02_mono_M02_pahpa-1_1,a-p,100,1716.12183563472
m02_mono_M02_pahpa-2_1,a-p,0,1545.87126781087
m02_mono_M02_pahpa-2_1,a-p,50,1676.75162774227
m02_mono_M02_pahpa-2_1,a-p,100,1705.63075469308
m02_mono_M02_pahpa-3_1,a-p,0,1777.72030120815
m02_mono_M02_pahpa-3_1,a-p,50,1829.96429257934
m02_mono_M02_pahpa-3_1,a-p,100,1989.1630877297
